Player,Pos,ADP,Min,Max,Range,1062,1063,1064,1065,1066,1067,1068,1069,1070,1071,1072,1073,1074,1075,1076,1077,1078,1079,1080,1081,1082,1083
Shohei Ohtani,UT / P,1.35,1.0,3.0,2.0,1.0,2.0,2.0,1.0,1.0,1.0,1.0,1.0,1.0,1.0,1.0,2.0,1.0,1.0,1.0,1.0,1.0,3.0,1.0,2.0,1.0,1.0
Aaron Judge,OF,2.08,1.0,4.0,3.0,2.0,1.0,1.0,2.0,2.0,4.0,4.0,2.0,2.0,2.0,2.0,3.0,2.0,2.0,2.0,2.0,2.0,2.0,2.0,1.0,2.0,2.0
Bobby Witt Jr.,SS,3.8,1.0,4.0,3.0,3.0,3.0,3.0,3.0,3.0,2.0,2.0,3.0,3.0,3.0,3.0,1.0,3.0,3.0,3.0,3.0,3.0,1.0,3.0,4.0,3.0,3.0
Juan Soto,OF,4.41,3.0,6.0,3.0,4.0,4.0,4.0,4.0,5.0,3.0,6.0,4.0,4.0,4.0,4.0,5.0,5.0,4.0,4.0,5.0,6.0,4.0,4.0,3.0,6.0,4.0
Jose Ramirez,3B,5.45,4.0,9.0,5.0,5.0,5.0,6.0,6.0,4.0,6.0,5.0,6.0,6.0,5.0,5.0,4.0,6.0,6.0,7.0,9.0,7.0,6.0,5.0,5.0,5.0,5.0
Ronald Acuna Jr.,OF,8.21,3.0,10.0,7.0,6.0,6.0,5.0,5.0,8.0,5.0,3.0,5.0,8.0,7.0,6.0,6.0,7.0,5.0,6.0,6.0,4.0,5.0,6.0,10.0,7.0,6.0
Tarik Skubal,P,9.89,4.0,11.0,7.0,7.0,8.0,7.0,9.0,11.0,7.0,7.0,7.0,7.0,8.0,8.0,8.0,4.0,8.0,5.0,4.0,5.0,9.0,7.0,6.0,4.0,8.0
Corbin Carroll,OF,10.27,9.0,25.0,16.0,14.0,13.0,17.0,14.0,25.0,9.0,10.0,12.0,19.0,13.0,12.0,10.0,15.0,13.0,11.0,15.0,19.0,10.0,15.0,16.0,19.0,11.0
Julio Rodriguez,OF,11.1,6.0,13.0,7.0,8.0,10.0,10.0,8.0,7.0,10.0,11.0,10.0,10.0,6.0,10.0,7.0,8.0,7.0,10.0,7.0,10.0,13.0,10.0,12.0,10.0,7.0
Paul Skenes,P,11.9,8.0,13.0,5.0,10.0,9.0,8.0,11.0,12.0,8.0,8.0,8.0,11.0,9.0,9.0,9.0,9.0,10.0,13.0,10.0,8.0,11.0,12.0,8.0,8.0,10.0
Elly De La Cruz,SS,12.23,5.0,13.0,8.0,9.0,7.0,9.0,7.0,6.0,12.0,9.0,13.0,5.0,10.0,7.0,13.0,11.0,9.0,8.0,8.0,9.0,7.0,8.0,7.0,9.0,9.0
Fernando Tatis Jr.,OF,14.32,11.0,18.0,7.0,18.0,12.0,16.0,15.0,14.0,13.0,15.0,11.0,14.0,11.0,13.0,12.0,13.0,11.0,12.0,14.0,15.0,12.0,13.0,13.0,11.0,15.0
Garrett Crochet,P,15.38,9.0,18.0,9.0,11.0,11.0,12.0,13.0,9.0,14.0,14.0,9.0,9.0,12.0,11.0,11.0,10.0,14.0,14.0,13.0,11.0,18.0,9.0,9.0,12.0,14.0
Gunnar Henderson,SS,16.26,12.0,19.0,7.0,13.0,15.0,13.0,12.0,13.0,15.0,12.0,15.0,12.0,17.0,14.0,15.0,14.0,19.0,16.0,12.0,16.0,14.0,14.0,14.0,13.0,13.0
Junior Caminero,3B,16.39,12.0,19.0,7.0,17.0,18.0,14.0,19.0,19.0,17.0,18.0,18.0,15.0,15.0,17.0,19.0,16.0,17.0,17.0,16.0,12.0,19.0,19.0,15.0,18.0,19.0
Kyle Tucker,OF,16.97,8.0,16.0,8.0,12.0,16.0,11.0,10.0,10.0,11.0,13.0,14.0,13.0,14.0,16.0,14.0,12.0,15.0,9.0,11.0,13.0,8.0,11.0,11.0,15.0,12.0
Francisco Lindor,SS,17.63,17.0,32.0,15.0,19.0,23.0,24.0,20.0,27.0,23.0,20.0,17.0,21.0,25.0,28.0,26.0,23.0,18.0,29.0,32.0,27.0,26.0,26.0,32.0,23.0,23.0
Vladimir Guerrero Jr.,1B,18.75,14.0,21.0,7.0,15.0,14.0,20.0,16.0,17.0,18.0,16.0,21.0,16.0,21.0,18.0,17.0,19.0,20.0,20.0,18.0,18.0,17.0,16.0,17.0,14.0,16.0
Cal Raleigh,C,19.1,12.0,25.0,13.0,16.0,20.0,19.0,18.0,15.0,25.0,17.0,19.0,17.0,18.0,15.0,18.0,17.0,12.0,15.0,17.0,23.0,22.0,21.0,24.0,21.0,17.0
Jackson Chourio,OF,21.05,15.0,23.0,8.0,20.0,19.0,18.0,22.0,20.0,19.0,23.0,22.0,20.0,19.0,21.0,20.0,21.0,16.0,18.0,19.0,20.0,15.0,20.0,18.0,17.0,21.0
Jazz Chisholm Jr.,2B / 3B,23.0,16.0,26.0,10.0,23.0,21.0,22.0,17.0,18.0,20.0,24.0,16.0,26.0,16.0,23.0,16.0,24.0,22.0,23.0,22.0,21.0,16.0,18.0,21.0,16.0,20.0
Yoshinobu Yamamoto,P,24.41,20.0,35.0,15.0,29.0,25.0,29.0,28.0,30.0,27.0,30.0,23.0,25.0,20.0,29.0,23.0,30.0,28.0,27.0,27.0,22.0,33.0,28.0,20.0,29.0,35.0
Kyle Schwarber,UT,25.02,16.0,29.0,13.0,22.0,22.0,25.0,29.0,16.0,24.0,22.0,25.0,28.0,26.0,19.0,25.0,18.0,23.0,19.0,21.0,26.0,29.0,22.0,22.0,24.0,22.0
Nick Kurtz,1B,26.26,15.0,30.0,15.0,24.0,17.0,15.0,23.0,21.0,16.0,19.0,27.0,23.0,24.0,20.0,22.0,22.0,21.0,21.0,20.0,24.0,20.0,17.0,23.0,30.0,25.0
Pete Alonso,1B,27.24,18.0,34.0,16.0,21.0,26.0,33.0,21.0,24.0,21.0,21.0,20.0,18.0,32.0,22.0,24.0,34.0,24.0,22.0,23.0,25.0,28.0,25.0,26.0,32.0,18.0
Trea Turner,SS,27.27,22.0,30.0,8.0,26.0,24.0,23.0,27.0,29.0,22.0,27.0,24.0,27.0,22.0,27.0,27.0,26.0,25.0,24.0,25.0,28.0,23.0,24.0,30.0,25.0,24.0
Edwin Diaz,P,30.06,20.0,42.0,22.0,31.0,28.0,27.0,38.0,42.0,38.0,33.0,28.0,24.0,27.0,25.0,31.0,37.0,30.0,35.0,26.0,34.0,39.0,40.0,29.0,20.0,30.0
Cristopher Sanchez,P,31.19,14.0,37.0,23.0,25.0,27.0,21.0,25.0,22.0,30.0,29.0,29.0,30.0,31.0,26.0,33.0,20.0,26.0,28.0,37.0,14.0,36.0,29.0,27.0,22.0,31.0
Mason Miller,P,32.74,19.0,36.0,17.0,35.0,36.0,26.0,24.0,31.0,31.0,31.0,30.0,22.0,34.0,31.0,36.0,27.0,35.0,25.0,24.0,30.0,30.0,27.0,19.0,26.0,29.0
Andres Munoz,P,32.89,21.0,45.0,24.0,36.0,39.0,45.0,39.0,39.0,43.0,37.0,32.0,36.0,33.0,33.0,21.0,45.0,40.0,37.0,28.0,37.0,25.0,44.0,39.0,37.0,32.0
Pete Crow-Armstrong,OF,34.85,24.0,45.0,21.0,37.0,41.0,32.0,32.0,44.0,45.0,26.0,31.0,41.0,30.0,24.0,28.0,28.0,38.0,41.0,38.0,35.0,32.0,30.0,44.0,27.0,27.0
Chris Sale,P,35.25,17.0,61.0,44.0,38.0,33.0,43.0,43.0,47.0,49.0,51.0,50.0,61.0,35.0,36.0,39.0,41.0,29.0,42.0,43.0,17.0,48.0,37.0,43.0,40.0,40.0
Zach Neto,SS,35.43,23.0,42.0,19.0,27.0,29.0,34.0,31.0,23.0,26.0,36.0,26.0,29.0,29.0,30.0,37.0,29.0,32.0,30.0,29.0,29.0,27.0,23.0,25.0,42.0,26.0
Jhoan Duran,P,35.45,28.0,48.0,20.0,42.0,46.0,38.0,44.0,37.0,46.0,28.0,34.0,34.0,38.0,35.0,38.0,47.0,41.0,39.0,36.0,38.0,43.0,48.0,41.0,36.0,39.0
Hunter Brown,P,36.07,26.0,55.0,29.0,30.0,45.0,39.0,51.0,33.0,35.0,48.0,43.0,44.0,36.0,34.0,32.0,31.0,37.0,26.0,55.0,31.0,31.0,34.0,31.0,31.0,41.0
Logan Gilbert,P,37.27,31.0,54.0,23.0,34.0,35.0,35.0,34.0,34.0,39.0,40.0,45.0,31.0,44.0,41.0,34.0,36.0,39.0,31.0,44.0,33.0,54.0,38.0,37.0,39.0,34.0
James Wood,OF,38.17,25.0,47.0,22.0,32.0,38.0,36.0,30.0,40.0,40.0,25.0,36.0,35.0,39.0,37.0,35.0,39.0,27.0,38.0,30.0,45.0,35.0,35.0,34.0,47.0,43.0
Ketel Marte,2B,38.7,21.0,42.0,21.0,28.0,42.0,28.0,33.0,26.0,29.0,34.0,37.0,42.0,23.0,40.0,29.0,25.0,33.0,36.0,40.0,42.0,21.0,33.0,35.0,33.0,36.0
Manny Machado,3B,40.05,24.0,51.0,27.0,39.0,31.0,42.0,37.0,28.0,37.0,38.0,33.0,33.0,41.0,38.0,30.0,32.0,34.0,45.0,33.0,51.0,24.0,31.0,33.0,34.0,44.0
Cade Smith,P,42.25,26.0,53.0,27.0,45.0,40.0,40.0,26.0,41.0,42.0,41.0,40.0,38.0,40.0,46.0,40.0,38.0,42.0,33.0,34.0,36.0,37.0,53.0,40.0,35.0,38.0
Yordan Alvarez,UT,42.53,28.0,45.0,17.0,40.0,30.0,30.0,35.0,32.0,28.0,45.0,35.0,39.0,37.0,43.0,41.0,35.0,36.0,40.0,35.0,43.0,34.0,43.0,42.0,28.0,28.0
Bryan Woo,P,43.02,28.0,44.0,16.0,33.0,34.0,41.0,42.0,35.0,32.0,32.0,41.0,32.0,28.0,32.0,43.0,40.0,31.0,32.0,39.0,32.0,44.0,36.0,28.0,38.0,37.0
David Bednar,P,45.54,39.0,75.0,36.0,53.0,73.0,49.0,59.0,48.0,62.0,39.0,62.0,62.0,52.0,54.0,50.0,57.0,63.0,48.0,51.0,40.0,68.0,63.0,75.0,43.0,50.0
Hunter Greene,P,46.74,37.0,60.0,23.0,51.0,51.0,37.0,47.0,51.0,44.0,47.0,51.0,49.0,60.0,45.0,48.0,49.0,45.0,44.0,56.0,48.0,45.0,41.0,46.0,54.0,48.0
Jacob deGrom,P,47.38,39.0,66.0,27.0,43.0,59.0,64.0,46.0,65.0,66.0,55.0,52.0,52.0,61.0,53.0,42.0,46.0,49.0,47.0,66.0,39.0,55.0,51.0,50.0,55.0,55.0
Wyatt Langford,OF,50.99,31.0,58.0,27.0,50.0,37.0,46.0,53.0,49.0,36.0,58.0,46.0,45.0,42.0,39.0,52.0,52.0,51.0,43.0,31.0,50.0,47.0,42.0,36.0,53.0,53.0
Aroldis Chapman,P,51.93,43.0,73.0,30.0,47.0,63.0,59.0,55.0,56.0,71.0,44.0,49.0,68.0,71.0,70.0,61.0,54.0,43.0,52.0,59.0,52.0,72.0,64.0,73.0,63.0,51.0
Bryce Harper,1B,52.13,31.0,58.0,27.0,44.0,32.0,31.0,52.0,36.0,52.0,50.0,39.0,46.0,43.0,44.0,46.0,33.0,44.0,49.0,45.0,47.0,41.0,49.0,45.0,58.0,47.0
Cole Ragans,P,53.05,32.0,59.0,27.0,59.0,53.0,44.0,48.0,55.0,48.0,52.0,42.0,51.0,51.0,52.0,44.0,58.0,55.0,46.0,58.0,49.0,42.0,32.0,48.0,44.0,49.0
Logan Webb,P,53.42,38.0,72.0,34.0,54.0,44.0,72.0,50.0,52.0,51.0,42.0,55.0,56.0,45.0,49.0,45.0,53.0,47.0,53.0,60.0,56.0,71.0,46.0,38.0,51.0,45.0
Matt Olson,1B,53.86,33.0,70.0,37.0,58.0,49.0,56.0,54.0,38.0,33.0,70.0,38.0,48.0,47.0,56.0,57.0,51.0,56.0,54.0,47.0,59.0,56.0,60.0,52.0,69.0,42.0
CJ Abrams,SS,55.11,34.0,81.0,47.0,46.0,52.0,76.0,36.0,67.0,34.0,53.0,81.0,60.0,68.0,51.0,58.0,43.0,46.0,56.0,81.0,53.0,66.0,57.0,76.0,67.0,66.0
William Contreras,C,55.4,40.0,70.0,30.0,63.0,55.0,50.0,62.0,53.0,50.0,54.0,59.0,40.0,54.0,42.0,63.0,60.0,70.0,70.0,52.0,54.0,46.0,54.0,60.0,41.0,70.0
Max Fried,P,56.0,46.0,66.0,20.0,49.0,48.0,47.0,56.0,46.0,55.0,60.0,47.0,53.0,59.0,48.0,54.0,59.0,66.0,50.0,46.0,57.0,53.0,50.0,49.0,48.0,60.0
Brent Rooker,OF,57.26,33.0,58.0,25.0,41.0,43.0,58.0,45.0,45.0,41.0,43.0,44.0,37.0,46.0,47.0,55.0,42.0,48.0,34.0,42.0,44.0,38.0,39.0,47.0,46.0,33.0
Mookie Betts,SS,57.43,40.0,69.0,29.0,65.0,50.0,51.0,69.0,69.0,65.0,64.0,53.0,55.0,50.0,59.0,56.0,55.0,50.0,66.0,41.0,66.0,40.0,45.0,56.0,60.0,61.0
Josh Hader,P,58.12,65.0,135.0,70.0,67.0,127.0,115.0,88.0,115.0,93.0,85.0,98.0,105.0,103.0,80.0,88.0,65.0,105.0,111.0,135.0,67.0,77.0,84.0,128.0,102.0,95.0
Shea Langeliers,C,58.61,52.0,70.0,18.0,60.0,57.0,63.0,63.0,58.0,67.0,59.0,70.0,59.0,58.0,55.0,60.0,62.0,52.0,57.0,54.0,62.0,58.0,52.0,68.0,56.0,56.0
Rafael Devers,1B,60.01,46.0,85.0,39.0,62.0,60.0,54.0,57.0,50.0,63.0,57.0,48.0,58.0,56.0,63.0,62.0,56.0,58.0,68.0,63.0,46.0,67.0,67.0,57.0,77.0,85.0
Devin Williams,P,60.11,41.0,75.0,34.0,57.0,47.0,48.0,41.0,57.0,75.0,61.0,58.0,43.0,62.0,69.0,73.0,50.0,62.0,71.0,48.0,41.0,49.0,72.0,54.0,45.0,46.0
Freddy Peralta,P,60.73,35.0,73.0,38.0,55.0,61.0,68.0,64.0,64.0,58.0,35.0,56.0,63.0,72.0,66.0,49.0,68.0,67.0,55.0,57.0,55.0,57.0,73.0,63.0,50.0,67.0
Roman Anthony,OF,62.32,47.0,72.0,25.0,52.0,68.0,52.0,58.0,54.0,64.0,72.0,54.0,47.0,48.0,62.0,53.0,66.0,59.0,63.0,50.0,61.0,63.0,61.0,51.0,57.0,57.0
Ben Rice,C / 1B,63.25,47.0,72.0,25.0,72.0,58.0,53.0,49.0,60.0,47.0,66.0,60.0,72.0,64.0,57.0,47.0,64.0,71.0,58.0,62.0,58.0,65.0,55.0,64.0,49.0,59.0
Joe Ryan,P,63.96,61.0,90.0,29.0,87.0,65.0,86.0,72.0,88.0,70.0,87.0,68.0,65.0,76.0,77.0,90.0,86.0,75.0,62.0,75.0,75.0,82.0,81.0,61.0,66.0,68.0
George Kirby,P,65.45,56.0,88.0,32.0,71.0,78.0,78.0,60.0,70.0,57.0,88.0,57.0,64.0,66.0,60.0,67.0,75.0,57.0,64.0,70.0,68.0,64.0,56.0,65.0,61.0,75.0
Brice Turang,2B,67.47,40.0,71.0,31.0,69.0,56.0,55.0,40.0,62.0,53.0,46.0,61.0,54.0,49.0,65.0,51.0,44.0,53.0,51.0,71.0,60.0,50.0,47.0,55.0,71.0,52.0
Freddie Freeman,1B,70.01,43.0,81.0,38.0,68.0,64.0,57.0,71.0,43.0,54.0,63.0,66.0,50.0,55.0,61.0,66.0,80.0,68.0,60.0,67.0,69.0,59.0,66.0,69.0,70.0,81.0
Josh Naylor,1B,71.7,48.0,86.0,38.0,61.0,66.0,67.0,65.0,74.0,59.0,56.0,86.0,57.0,53.0,74.0,65.0,48.0,61.0,59.0,49.0,65.0,60.0,70.0,59.0,86.0,65.0
Raisel Iglesias,P,73.42,63.0,138.0,75.0,93.0,89.0,82.0,84.0,104.0,81.0,138.0,116.0,77.0,78.0,89.0,79.0,63.0,106.0,83.0,77.0,86.0,87.0,76.0,91.0,87.0,73.0
Dylan Cease,P,73.84,59.0,100.0,41.0,100.0,72.0,69.0,61.0,68.0,76.0,71.0,76.0,74.0,69.0,81.0,97.0,93.0,89.0,67.0,61.0,73.0,92.0,59.0,77.0,64.0,69.0
Hunter Goodman,C,74.0,54.0,87.0,33.0,80.0,85.0,62.0,79.0,61.0,68.0,62.0,71.0,71.0,82.0,68.0,81.0,71.0,87.0,78.0,76.0,64.0,73.0,62.0,70.0,65.0,54.0
Blake Snell,P,74.64,93.0,179.0,86.0,157.0,,,93.0,154.0,,,,115.0,,101.0,93.0,179.0,,,,,,104.0,129.0,151.0,155.0
Riley Greene,OF,75.88,51.0,87.0,36.0,79.0,71.0,61.0,67.0,71.0,69.0,80.0,72.0,66.0,63.0,71.0,64.0,67.0,60.0,87.0,82.0,77.0,51.0,74.0,66.0,68.0,74.0
Austin Riley,3B,76.98,52.0,76.0,24.0,64.0,76.0,65.0,76.0,66.0,56.0,69.0,64.0,69.0,67.0,64.0,69.0,69.0,54.0,65.0,53.0,71.0,70.0,68.0,53.0,52.0,58.0
Jesus Luzardo,P,77.39,67.0,103.0,36.0,76.0,103.0,80.0,75.0,75.0,80.0,82.0,95.0,67.0,80.0,78.0,94.0,81.0,88.0,80.0,84.0,70.0,89.0,75.0,79.0,73.0,86.0
Jackson Merrill,OF,77.98,49.0,80.0,31.0,66.0,69.0,74.0,80.0,78.0,60.0,49.0,65.0,70.0,65.0,76.0,59.0,61.0,69.0,69.0,69.0,79.0,61.0,58.0,67.0,79.0,62.0
Jarren Duran,OF,78.5,56.0,83.0,27.0,56.0,62.0,73.0,77.0,82.0,61.0,67.0,63.0,75.0,57.0,67.0,70.0,70.0,76.0,76.0,73.0,83.0,69.0,79.0,71.0,78.0,76.0
Carlos Estevez,P,80.27,84.0,160.0,76.0,92.0,128.0,139.0,118.0,137.0,130.0,113.0,127.0,100.0,86.0,,117.0,84.0,117.0,106.0,160.0,102.0,,107.0,87.0,142.0,84.0
Byron Buxton,OF,83.96,67.0,93.0,26.0,70.0,88.0,79.0,73.0,73.0,83.0,77.0,67.0,76.0,73.0,93.0,74.0,88.0,82.0,73.0,78.0,85.0,74.0,85.0,89.0,82.0,77.0
Agustin Ramirez,C,84.24,67.0,107.0,40.0,82.0,67.0,83.0,85.0,72.0,95.0,81.0,88.0,78.0,91.0,83.0,96.0,83.0,103.0,90.0,96.0,78.0,76.0,101.0,107.0,85.0,71.0
Kyle Bradish,P,84.36,65.0,94.0,29.0,77.0,74.0,75.0,68.0,80.0,74.0,78.0,80.0,83.0,81.0,72.0,80.0,73.0,94.0,81.0,74.0,81.0,79.0,65.0,81.0,75.0,78.0
Maikel Garcia,3B,84.42,48.0,85.0,37.0,48.0,54.0,70.0,81.0,59.0,72.0,74.0,69.0,81.0,70.0,85.0,83.0,72.0,65.0,61.0,65.0,63.0,52.0,71.0,72.0,81.0,63.0
Cody Bellinger,OF,84.49,50.0,96.0,46.0,78.0,83.0,60.0,66.0,63.0,73.0,90.0,78.0,86.0,95.0,50.0,71.0,85.0,74.0,74.0,92.0,82.0,80.0,77.0,58.0,91.0,96.0
Ryan Helsley,P,87.19,64.0,105.0,41.0,95.0,75.0,71.0,70.0,96.0,84.0,100.0,74.0,73.0,77.0,82.0,77.0,77.0,78.0,82.0,64.0,80.0,105.0,83.0,92.0,90.0,64.0
Vinnie Pasquantino,1B,88.06,64.0,88.0,24.0,73.0,70.0,81.0,74.0,87.0,79.0,68.0,75.0,88.0,75.0,79.0,72.0,74.0,64.0,75.0,85.0,72.0,75.0,86.0,80.0,72.0,80.0
Eury Perez,P,89.33,62.0,94.0,32.0,88.0,77.0,85.0,82.0,85.0,90.0,94.0,73.0,85.0,92.0,90.0,82.0,89.0,86.0,77.0,68.0,87.0,86.0,90.0,62.0,74.0,72.0
Nick Pivetta,P,89.83,80.0,119.0,39.0,90.0,105.0,96.0,92.0,103.0,110.0,104.0,97.0,93.0,83.0,,115.0,104.0,100.0,109.0,80.0,96.0,119.0,88.0,84.0,84.0,92.0
Geraldo Perdomo,SS,90.07,62.0,112.0,50.0,84.0,81.0,66.0,111.0,79.0,101.0,84.0,83.0,96.0,79.0,96.0,68.0,87.0,83.0,72.0,112.0,84.0,62.0,69.0,96.0,80.0,79.0
Framber Valdez,P,91.04,74.0,96.0,22.0,74.0,79.0,89.0,89.0,76.0,82.0,83.0,96.0,79.0,74.0,86.0,85.0,82.0,77.0,79.0,86.0,76.0,90.0,80.0,82.0,76.0,82.0
Jeremy Pena,SS,94.63,81.0,132.0,51.0,105.0,87.0,106.0,105.0,86.0,,132.0,,114.0,88.0,,111.0,98.0,81.0,108.0,104.0,132.0,88.0,95.0,98.0,94.0,89.0
Drake Baldwin,C,95.67,59.0,101.0,42.0,94.0,100.0,77.0,83.0,94.0,78.0,79.0,77.0,87.0,100.0,84.0,101.0,96.0,92.0,86.0,88.0,74.0,78.0,78.0,90.0,59.0,83.0
Randy Arozarena,OF,96.6,83.0,113.0,30.0,102.0,86.0,101.0,87.0,83.0,96.0,97.0,89.0,89.0,85.0,91.0,89.0,113.0,85.0,92.0,87.0,89.0,85.0,108.0,85.0,96.0,102.0
Salvador Perez,C / 1B,98.36,73.0,112.0,39.0,89.0,80.0,103.0,86.0,97.0,88.0,101.0,82.0,97.0,107.0,95.0,92.0,112.0,73.0,89.0,89.0,98.0,97.0,94.0,105.0,83.0,87.0
Seiya Suzuki,OF,98.48,75.0,103.0,28.0,83.0,101.0,95.0,96.0,95.0,97.0,91.0,79.0,90.0,87.0,94.0,75.0,101.0,93.0,84.0,103.0,90.0,98.0,93.0,86.0,93.0,88.0
Spencer Strider,P,98.5,84.0,140.0,56.0,119.0,126.0,140.0,123.0,84.0,99.0,93.0,119.0,112.0,108.0,97.0,106.0,127.0,139.0,112.0,120.0,115.0,120.0,123.0,104.0,101.0,101.0
Tyler Soderstrom,OF / 1B,99.86,73.0,111.0,38.0,85.0,82.0,84.0,90.0,89.0,102.0,73.0,92.0,92.0,89.0,103.0,78.0,76.0,80.0,94.0,111.0,93.0,93.0,87.0,78.0,97.0,98.0
Oneil Cruz,OF,100.08,73.0,117.0,44.0,81.0,90.0,107.0,108.0,91.0,77.0,111.0,84.0,82.0,84.0,73.0,76.0,90.0,97.0,95.0,83.0,112.0,94.0,98.0,74.0,117.0,97.0
Michael Harris II,OF,100.14,87.0,122.0,35.0,96.0,97.0,98.0,99.0,99.0,104.0,99.0,87.0,108.0,122.0,98.0,112.0,116.0,96.0,98.0,116.0,88.0,99.0,106.0,117.0,100.0,90.0
Corey Seager,SS,102.63,77.0,119.0,42.0,108.0,84.0,92.0,78.0,77.0,85.0,103.0,99.0,99.0,90.0,99.0,99.0,97.0,101.0,99.0,105.0,97.0,96.0,92.0,101.0,115.0,119.0
Nolan McLean,P,103.97,72.0,111.0,39.0,86.0,111.0,88.0,104.0,92.0,106.0,98.0,90.0,103.0,104.0,88.0,105.0,108.0,72.0,88.0,90.0,91.0,106.0,82.0,83.0,89.0,94.0
Jeff Hoffman,P,104.57,84.0,122.0,38.0,103.0,109.0,104.0,91.0,93.0,109.0,102.0,103.0,102.0,105.0,102.0,113.0,91.0,84.0,100.0,99.0,104.0,122.0,97.0,110.0,98.0,110.0
Will Smith,C,105.96,58.0,118.0,60.0,98.0,102.0,113.0,94.0,100.0,87.0,118.0,85.0,94.0,97.0,58.0,100.0,117.0,95.0,97.0,95.0,105.0,81.0,102.0,118.0,62.0,91.0
Nico Hoerner,2B,106.59,86.0,112.0,26.0,106.0,96.0,87.0,112.0,90.0,100.0,95.0,107.0,104.0,112.0,107.0,86.0,111.0,90.0,93.0,94.0,103.0,91.0,100.0,99.0,95.0,104.0
George Springer,OF,107.27,75.0,119.0,44.0,91.0,93.0,100.0,109.0,105.0,92.0,117.0,108.0,91.0,99.0,75.0,91.0,119.0,98.0,91.0,114.0,95.0,84.0,103.0,97.0,99.0,100.0
Trevor Megill,P,107.7,79.0,165.0,86.0,111.0,116.0,93.0,149.0,141.0,128.0,131.0,133.0,,106.0,,123.0,79.0,,105.0,165.0,108.0,,,138.0,,137.0
Bo Bichette,SS,107.84,75.0,117.0,42.0,97.0,95.0,91.0,101.0,81.0,111.0,75.0,93.0,84.0,93.0,100.0,84.0,102.0,79.0,104.0,100.0,100.0,83.0,89.0,95.0,104.0,117.0
Pete Fairbanks,P,108.74,80.0,131.0,51.0,112.0,94.0,110.0,102.0,117.0,112.0,112.0,102.0,80.0,113.0,,87.0,99.0,115.0,103.0,131.0,111.0,,91.0,93.0,110.0,109.0
Trevor Story,SS,109.15,86.0,137.0,51.0,104.0,115.0,102.0,98.0,106.0,108.0,86.0,115.0,98.0,130.0,105.0,107.0,133.0,114.0,107.0,117.0,120.0,103.0,109.0,137.0,120.0,105.0
Tyler Glasnow,P,113.52,88.0,149.0,61.0,120.0,120.0,137.0,128.0,128.0,103.0,130.0,111.0,,133.0,,,95.0,108.0,110.0,119.0,119.0,114.0,117.0,149.0,88.0,142.0
Kenley Jansen,P,113.57,92.0,171.0,79.0,113.0,143.0,122.0,134.0,114.0,126.0,171.0,,125.0,109.0,,,100.0,122.0,113.0,147.0,92.0,,99.0,164.0,145.0,115.0
Michael Busch,1B,113.64,88.0,134.0,46.0,99.0,92.0,99.0,119.0,111.0,98.0,92.0,114.0,95.0,118.0,,98.0,105.0,102.0,96.0,134.0,130.0,112.0,128.0,88.0,105.0,113.0
Yainer Diaz,C,115.32,89.0,147.0,58.0,110.0,106.0,134.0,107.0,116.0,89.0,147.0,113.0,120.0,119.0,,,118.0,118.0,116.0,115.0,116.0,115.0,118.0,112.0,114.0,125.0
Brandon Woodruff,P,115.71,104.0,170.0,66.0,132.0,,123.0,138.0,120.0,,126.0,,119.0,135.0,,104.0,170.0,147.0,133.0,139.0,144.0,,139.0,130.0,131.0,146.0
Kevin Gausman,P,116.55,79.0,142.0,63.0,127.0,142.0,108.0,124.0,134.0,119.0,105.0,122.0,116.0,94.0,,118.0,128.0,111.0,114.0,79.0,121.0,123.0,113.0,94.0,103.0,126.0
Eugenio Suarez,3B,118.81,75.0,131.0,56.0,75.0,98.0,94.0,100.0,101.0,91.0,89.0,101.0,101.0,102.0,92.0,95.0,107.0,91.0,85.0,107.0,99.0,95.0,131.0,103.0,108.0,99.0
Chase Burns,P,119.0,91.0,132.0,41.0,117.0,104.0,109.0,106.0,110.0,113.0,110.0,94.0,106.0,132.0,,,115.0,112.0,101.0,91.0,101.0,109.0,105.0,100.0,111.0,107.0
Sonny Gray,P,120.03,102.0,149.0,47.0,138.0,135.0,111.0,126.0,132.0,,109.0,126.0,107.0,123.0,,,135.0,120.0,118.0,102.0,149.0,,114.0,135.0,126.0,131.0
Jose Altuve,OF / 2B,120.62,103.0,146.0,43.0,109.0,125.0,105.0,120.0,107.0,129.0,134.0,110.0,129.0,125.0,104.0,114.0,129.0,123.0,132.0,106.0,127.0,113.0,111.0,123.0,146.0,103.0
Alex Bregman,3B,121.42,90.0,128.0,38.0,107.0,99.0,90.0,116.0,98.0,94.0,96.0,128.0,113.0,115.0,,103.0,123.0,104.0,117.0,110.0,117.0,107.0,126.0,115.0,92.0,108.0
Emilio Pagan,P,121.84,78.0,141.0,63.0,134.0,141.0,126.0,113.0,119.0,115.0,137.0,112.0,110.0,121.0,,122.0,78.0,113.0,115.0,97.0,106.0,,110.0,125.0,118.0,127.0
Daniel Palencia,P,124.57,72.0,121.0,49.0,101.0,118.0,116.0,95.0,102.0,86.0,76.0,91.0,109.0,96.0,87.0,108.0,92.0,99.0,102.0,72.0,109.0,118.0,96.0,102.0,121.0,93.0
Willy Adames,SS,124.82,101.0,131.0,30.0,122.0,108.0,131.0,122.0,124.0,114.0,120.0,104.0,121.0,101.0,,110.0,106.0,107.0,124.0,127.0,110.0,108.0,115.0,121.0,125.0,111.0
Nick Lodolo,P,127.68,93.0,139.0,46.0,139.0,,135.0,125.0,113.0,118.0,121.0,129.0,111.0,116.0,,,94.0,128.0,130.0,93.0,136.0,116.0,125.0,109.0,106.0,114.0
Emmet Sheehan,P,127.72,97.0,136.0,39.0,136.0,130.0,97.0,129.0,108.0,121.0,115.0,117.0,117.0,127.0,,,131.0,119.0,128.0,108.0,128.0,125.0,120.0,106.0,112.0,118.0
Luis Robert Jr.,OF,128.01,100.0,143.0,43.0,121.0,112.0,114.0,103.0,129.0,105.0,106.0,100.0,126.0,111.0,106.0,109.0,114.0,109.0,120.0,133.0,113.0,104.0,143.0,113.0,107.0,116.0
Christian Yelich,UT,129.0,94.0,142.0,48.0,116.0,113.0,132.0,142.0,130.0,131.0,124.0,125.0,130.0,98.0,,,122.0,134.0,125.0,124.0,94.0,132.0,130.0,111.0,116.0,130.0
Teoscar Hernandez,OF,131.45,102.0,151.0,49.0,114.0,138.0,112.0,132.0,112.0,122.0,107.0,106.0,127.0,128.0,,119.0,151.0,121.0,122.0,118.0,134.0,102.0,127.0,116.0,129.0,106.0
Jo Adell,OF,133.07,107.0,141.0,34.0,133.0,117.0,128.0,121.0,109.0,107.0,128.0,130.0,128.0,110.0,,,110.0,135.0,129.0,128.0,141.0,133.0,119.0,122.0,138.0,112.0
Jacob Misiorowski,P,135.5,97.0,153.0,56.0,129.0,140.0,,97.0,142.0,117.0,122.0,120.0,,131.0,,116.0,137.0,132.0,,98.0,153.0,,133.0,126.0,119.0,122.0
Kyle Stowers,OF,136.57,114.0,173.0,59.0,148.0,114.0,118.0,157.0,173.0,,,123.0,,,,124.0,124.0,142.0,,142.0,114.0,130.0,136.0,132.0,170.0,138.0
Cam Schlittler,P,137.01,110.0,155.0,45.0,142.0,132.0,,139.0,155.0,,149.0,135.0,,,,,134.0,110.0,,130.0,129.0,,129.0,150.0,124.0,139.0
Yandy Diaz,1B,137.18,113.0,148.0,35.0,131.0,133.0,,148.0,125.0,120.0,,137.0,,124.0,,121.0,140.0,125.0,,144.0,131.0,124.0,144.0,114.0,113.0,124.0
Michael King,P,138.2,102.0,150.0,48.0,126.0,119.0,148.0,114.0,136.0,124.0,150.0,,,,,102.0,138.0,126.0,,140.0,122.0,,141.0,136.0,148.0,147.0
Andy Pages,OF,139.58,116.0,154.0,38.0,124.0,136.0,119.0,127.0,126.0,,129.0,121.0,132.0,129.0,,,148.0,116.0,136.0,136.0,118.0,126.0,135.0,124.0,154.0,154.0
Ceddanne Rafaela,2B / OF,139.91,115.0,153.0,38.0,115.0,131.0,133.0,153.0,118.0,123.0,119.0,138.0,122.0,120.0,,,121.0,133.0,131.0,126.0,126.0,117.0,124.0,119.0,127.0,143.0
Ryan Pepiot,P,140.1,101.0,145.0,44.0,143.0,139.0,136.0,130.0,123.0,127.0,114.0,109.0,133.0,126.0,,,125.0,145.0,134.0,101.0,133.0,,138.0,120.0,123.0,123.0
Dennis Santana,P,142.2,117.0,163.0,46.0,145.0,,147.0,117.0,148.0,,,,,,,,136.0,,123.0,163.0,125.0,,,145.0,163.0,129.0
Noelvi Marte,OF / 3B,143.38,120.0,160.0,40.0,123.0,,,154.0,127.0,,143.0,,,,,,120.0,136.0,,141.0,,121.0,142.0,160.0,140.0,140.0
Dansby Swanson,SS,144.42,107.0,149.0,42.0,128.0,124.0,146.0,146.0,131.0,,141.0,140.0,131.0,117.0,,,141.0,146.0,127.0,138.0,107.0,129.0,140.0,139.0,149.0,134.0
Drew Rasmussen,P,146.03,120.0,146.0,26.0,146.0,122.0,144.0,137.0,122.0,132.0,135.0,134.0,,137.0,,,126.0,140.0,,125.0,,,132.0,131.0,133.0,120.0
Robert Suarez,P,146.12,167.0,179.0,12.0,179.0,,,,,,,,,,,,,,,167.0,,,,,,
Jackson Holliday,2B,146.86,131.0,190.0,59.0,190.0,,149.0,,,,153.0,,,,,,,131.0,,,,,,188.0,161.0,133.0
Jakob Marsee,OF,146.95,110.0,151.0,41.0,151.0,110.0,130.0,110.0,139.0,,133.0,,,134.0,,,139.0,141.0,126.0,132.0,143.0,,112.0,133.0,128.0,128.0
Gavin Williams,P,147.05,139.0,180.0,41.0,150.0,,143.0,152.0,,,139.0,,,,,,180.0,,,172.0,,,,152.0,,157.0
Zack Wheeler,P,147.87,65.0,160.0,95.0,137.0,123.0,129.0,115.0,133.0,,65.0,132.0,124.0,,,,109.0,129.0,,122.0,139.0,,145.0,108.0,139.0,160.0
Abner Uribe,P,147.88,121.0,174.0,53.0,159.0,134.0,141.0,147.0,121.0,,174.0,,,,,,142.0,,,121.0,138.0,,122.0,,141.0,148.0
Luke Keaschall,2B,148.79,91.0,149.0,58.0,149.0,91.0,125.0,145.0,143.0,,108.0,118.0,118.0,114.0,,,103.0,124.0,135.0,123.0,124.0,110.0,121.0,134.0,147.0,135.0
Brandon Nimmo,OF,148.88,121.0,177.0,56.0,135.0,,124.0,177.0,138.0,,160.0,,,,,,130.0,143.0,121.0,146.0,142.0,127.0,,141.0,176.0,144.0
Trey Yesavage,P,149.99,120.0,189.0,69.0,144.0,121.0,120.0,150.0,144.0,,145.0,,,,,120.0,150.0,,,171.0,,,,189.0,153.0,153.0
Robbie Ray,P,150.06,116.0,175.0,59.0,152.0,,,174.0,175.0,,116.0,,,,,,,,,170.0,,,,,173.0,
Lawrence Butler,OF,153.95,125.0,175.0,50.0,175.0,,,143.0,174.0,125.0,164.0,,,,,,163.0,,,,,,,147.0,,167.0
Nathan Eovaldi,P,154.64,109.0,171.0,62.0,140.0,129.0,121.0,166.0,135.0,,142.0,136.0,,,,,171.0,148.0,138.0,109.0,152.0,,134.0,144.0,158.0,152.0
Bubba Chandler,P,155.86,118.0,171.0,53.0,118.0,,145.0,160.0,171.0,,154.0,,,,,,153.0,,,148.0,123.0,,,155.0,122.0,156.0
Luis Castillo,P,156.39,109.0,185.0,76.0,162.0,,117.0,,,,155.0,,,,,,185.0,,,152.0,,,,151.0,109.0,
Adley Rutschman,C,157.43,107.0,158.0,51.0,130.0,107.0,,144.0,152.0,116.0,,124.0,,,,,144.0,127.0,,,,128.0,137.0,158.0,135.0,150.0
Sandy Alcantara,P,159.45,129.0,165.0,36.0,164.0,,,159.0,160.0,,165.0,,,,,,132.0,,,129.0,147.0,131.0,,140.0,155.0,149.0
Taylor Ward,OF,160.08,127.0,155.0,28.0,155.0,,,135.0,145.0,,127.0,131.0,,,,,154.0,138.0,,137.0,145.0,,,146.0,144.0,136.0
Chandler Simpson,OF,160.63,133.0,175.0,42.0,153.0,137.0,,133.0,164.0,,,,,,,,175.0,,,154.0,,,,171.0,157.0,
Alejandro Kirk,C,160.82,136.0,174.0,38.0,174.0,,142.0,165.0,158.0,,172.0,,,136.0,,,161.0,,,161.0,150.0,,,174.0,160.0,158.0
Dylan Crews,OF,165.78,140.0,168.0,28.0,154.0,,,140.0,,,151.0,,,,,,158.0,,,,,,,162.0,168.0,159.0
Brenton Doyle,OF,166.85,141.0,163.0,22.0,141.0,,,,147.0,,163.0,,,,,,,149.0,,153.0,146.0,,,161.0,,162.0
Steven Kwan,OF,168.62,144.0,178.0,34.0,163.0,,,178.0,156.0,,,,,,,,164.0,144.0,,,151.0,,,166.0,,145.0
Trevor Rogers,P,169.14,113.0,176.0,63.0,170.0,,,141.0,140.0,,144.0,,,,,,156.0,,,113.0,,,,176.0,,168.0
Shota Imanaga,P,170.36,148.0,170.0,22.0,160.0,,,,149.0,,148.0,,,,,,,,,157.0,,,,170.0,159.0,
Matt Chapman,3B,170.37,119.0,191.0,72.0,191.0,,,,159.0,,157.0,,,,,,147.0,,119.0,149.0,,,,157.0,143.0,121.0
Jacob Wilson,SS,170.84,150.0,183.0,33.0,182.0,,,164.0,150.0,,,,,,,,159.0,,,,,,,183.0,165.0,
Ozzie Albies,2B,171.87,135.0,169.0,34.0,156.0,,,169.0,153.0,,,,,,,,155.0,,,,135.0,,,,150.0,161.0
Samuel Basallo,C,173.87,136.0,193.0,57.0,193.0,,,172.0,,,158.0,,,,,,157.0,,,,,,,163.0,136.0,163.0
Tatsuya Imai,P,174.39,153.0,170.0,17.0,158.0,,,170.0,167.0,,170.0,,,,,,167.0,,,155.0,,,,153.0,,164.0
Ranger Suarez,P,175.71,123.0,176.0,53.0,168.0,,,176.0,151.0,,173.0,,123.0,,,,,,,,,,,,,
Gabriel Moreno,C,175.87,158.0,186.0,28.0,186.0,,,158.0,168.0,,,,,,,,183.0,,,169.0,,,,178.0,164.0,
Xavier Edwards,2B / SS,176.62,152.0,203.0,51.0,203.0,,,,157.0,,152.0,,,,,,,,,,,,,,152.0,
Ryan Walker,P,176.75,130.0,173.0,43.0,147.0,,,151.0,,,162.0,,,,,,143.0,,,145.0,148.0,,,173.0,130.0,141.0
Tanner Bibee,P,177.19,146.0,177.0,31.0,176.0,,,,,,146.0,,,,,,177.0,,,,,,,167.0,,
Shane Bieber,P,177.75,163.0,163.0,0.0,,,,,163.0,,,,,,,,,,,,,,,,,
Francisco Alvarez,C,177.87,131.0,185.0,54.0,172.0,,,131.0,172.0,,168.0,,,,,,169.0,,,,,,,185.0,167.0,170.0
Ian Happ,OF,179.34,125.0,176.0,51.0,125.0,,,,176.0,,,,,,,,,,,,,,,172.0,156.0,
Kyle Teel,C,185.77,172.0,182.0,10.0,177.0,,,,,,,,,,,,173.0,,,,,,,182.0,172.0,
Jonathan Aranda,1B,186.09,174.0,187.0,13.0,178.0,,,,,,,,,,,,187.0,,,176.0,,,,177.0,174.0,
Brandon Lowe,2B,187.25,125.0,181.0,56.0,181.0,,,,,,125.0,,,,,,178.0,,,162.0,,,,142.0,,
Alec Burleson,1B / OF,187.48,132.0,175.0,43.0,166.0,,,175.0,,,,,,,,,152.0,,,156.0,,,,156.0,132.0,151.0
Ivan Herrera,UT,188.02,155.0,169.0,14.0,169.0,,,155.0,161.0,,,,,,,,,,,,,,,,,
Bryson Stott,2B,188.67,162.0,200.0,38.0,200.0,,,,162.0,,169.0,,,,,,,,,174.0,,,,165.0,,
Cade Horton,P,189.19,164.0,180.0,16.0,180.0,,,,,,,,,,,,168.0,,,164.0,,,,179.0,,
Christian Walker,1B,192.27,180.0,180.0,0.0,,,,,,,,,,,,,,,,,,,,180.0,,
Edward Cabrera,P,193.58,154.0,184.0,30.0,184.0,,,,,,,,,,,,181.0,,,159.0,,,,154.0,175.0,
MacKenzie Gore,P,195.24,123.0,175.0,52.0,165.0,,,,,,123.0,,,,,,149.0,,,,,,,175.0,166.0,165.0
Spencer Torkelson,1B,195.59,176.0,205.0,29.0,205.0,,,,,,176.0,,,,,,186.0,,,,,,,187.0,,
Addison Barger,3B / OF,196.96,140.0,184.0,44.0,167.0,,,,,,140.0,,,,,,,,,,,,,184.0,,
Royce Lewis,3B,197.22,174.0,201.0,27.0,201.0,,,,,,,,,,,,174.0,,,,,,,,,
Bryan Reynolds,OF,197.22,186.0,188.0,2.0,188.0,,,,,,,,,,,,,,,,,,,186.0,,
Willson Contreras,1B,197.23,136.0,207.0,71.0,207.0,,,167.0,,,136.0,,,,,,,,,168.0,,,,169.0,,
Shane Baz,P,197.59,169.0,173.0,4.0,173.0,,,,,,,,,,,,,,,,,,,,169.0,
Ezequiel Tovar,SS,197.86,171.0,171.0,0.0,,,,,,,,,,,,,,,,,,,,,171.0,
Griffin Jax,P,199.15,105.0,166.0,61.0,161.0,,138.0,136.0,146.0,,166.0,105.0,,,,,145.0,,,166.0,,,,127.0,137.0,132.0
Mike Trout,OF,202.5,100.0,177.0,77.0,,,,161.0,,,,,,,,,,137.0,,177.0,,100.0,,143.0,,
Carter Jensen,C,206.61,162.0,183.0,21.0,183.0,,,,,,175.0,,,,,,176.0,,,,,,,168.0,162.0,
Daylen Lile,OF,207.18,182.0,208.0,26.0,208.0,,,,,,,,,,,,182.0,,,,,,,,,
J.T. Realmuto,C,211.23,166.0,177.0,11.0,,,,,,,,,,,,,,,,,,,,,177.0,166.0
Matt McLain,2B,212.84,163.0,194.0,31.0,194.0,,,163.0,165.0,,,,,,,,,,,175.0,,,,,,169.0
Andrew Abbott,P,214.62,195.0,195.0,0.0,195.0,,,,,,,,,,,,,,,,,,,,,
Jack Flaherty,P,215.88,184.0,198.0,14.0,198.0,,,,,,,,,,,,184.0,,,,,,,,,
Kris Bubic,P,216.79,172.0,190.0,18.0,,,,,,,,,,,,,172.0,,,,,,,190.0,,
Sal Stewart,1B,217.53,139.0,185.0,46.0,185.0,,,156.0,169.0,,156.0,139.0,,,,,162.0,,,158.0,,,,181.0,,
Konnor Griffin,SS,221.99,101.0,171.0,70.0,171.0,,127.0,162.0,166.0,,167.0,,,,,,146.0,130.0,137.0,143.0,140.0,101.0,116.0,159.0,134.0,
Kerry Carpenter,OF,222.93,165.0,165.0,0.0,,,,,,,,,,,,,165.0,,,,,,,,,
Jac Caglianone,OF,222.98,148.0,189.0,41.0,189.0,,,168.0,,,159.0,,,,,,166.0,,,150.0,,,,148.0,,
Jose Caballero,OF / 2B / 3B / SS,226.97,125.0,206.0,81.0,206.0,,,,,,,,,,,125.0,,,,,,,,,,
Austin Wells,C,227.72,178.0,204.0,26.0,204.0,,,,,,,,,,,,,,,,,,,,178.0,
Munetaka Murakami,3B,228.87,187.0,187.0,0.0,187.0,,,,,,,,,,,,,,,,,,,,,
Luis Garcia Jr.,2B,234.45,137.0,137.0,0.0,,,,,,,,,,,,,,,,,137.0,,,,,
Logan O`Hoppe,C,238.5,197.0,197.0,0.0,197.0,,,,,,,,,,,,,,,,,,,,,
Bryan Abreu,P,249.44,160.0,196.0,36.0,196.0,,,171.0,,,,,,,,,160.0,,,173.0,,,,,,
Masyn Winn,SS,267.2,179.0,179.0,0.0,,,,,,,,,,,,,,,,,,,,,179.0,
JJ Wetherholt,SS,276.69,170.0,192.0,22.0,192.0,,,,170.0,,,,,,,,,,,,,,,,,
Kazuma Okamoto,3B,283.43,151.0,199.0,48.0,199.0,,,,,,161.0,,,,,,,,,151.0,,,,,,
Kevin McGonigle,SS,289.62,111.0,111.0,0.0,,,,,,,,,,,,,,,,,,111.0,,,,
Seranthony Dominguez,P,358.82,173.0,202.0,29.0,202.0,,,173.0,,,,,,,,,,,,,,,,,,
